Personna,401k/403b,SEP IRA,IRA,Roth IRA,HSA,529,ESA
young_professionals,0.655172414,0.689655172,0.696551724,0.8,0.972413793,0.986206897,1
old_retirees,0.411764706,0.470588235,0.588235294,0.705882353,0.911764706,0.941176471,1
new_retirees,0.341463415,0.512195122,0.609756098,0.707317073,0.87804878,0.926829268,1
DINK,0.444444444,0.62962963,0.703703704,0.814814815,0.851851852,0.925925926,1
new_families,0.212765957,0.255319149,0.29787234,0.361702128,0.404255319,0.723404255,1
teen_kids,0.352941176,0.470588235,0.529411765,0.647058824,0.735294118,0.882352941,1
