,Item A,Item B,Item C,Item D,Item E,Item F,Item G
Personna_A,0.125378955,0.064080474,0.130618829,0.863819582,0.098521715,0.580614838,0.635548511
Personna_B,0.422240875,0.879424418,0.903869265,0.924205936,0.353952763,0.510849509,0.222876852
Personna_C,0.880241346,0.036893852,0.496513314,0.657318826,0.770937407,0.708781441,0.701932893
Personna_D,0.586053148,0.518819042,0.380490654,0.733796508,0.51817755,0.236500442,0.233371167
Personna_E,0.635811375,0.62664995,0.471180018,0.364098978,0.720961364,0.379714478,0.663087912
Personna_F,0.738429204,0.144709639,0.924309623,0.428026719,0.989625023,0.909975436,0.710016874
Personna_G,0.245788141,0.600094417,0.618028487,0.018796781,0.555618933,0.908507663,0.83466464
